{
  "metadata": {
    "tolerance": 0.01,
    "degree_arm": 3,
    "degree_gripper": 0,
    "dataset": "HuggingFaceVLA/libero",
    "version": "v2_forced_knots_prior"
  },
  "episodes": {
    "1": {
      "episode_index": 1,
      "task_name": "put the white mug on the plate and put the chocolate pudding to the right of the plate",
      "trajectory_length": 284,
      "status": "suboptimal",
      "bspline": {
        "degree_arm": 3,
        "degree_gripper": 0,
        "internal_knots": [
          14,
          23,
          32,
          45,
          54,
          67,
          72,
          94,
          103,
          127,
          146,
          151,
          159,
          165,
          169,
          188,
          201,
          234,
          262,
          272
        ],
        "control_points": [
          [
            0.21542924500584365,
            -0.7987486947676855,
            1.374153737227021,
            2.236328409229418,
            1.5420135896084208,
            -5.005561494155729,
            -3.5459577775908846,
            -8.096981682853173,
            -11.237444204122923,
            -8.962702449721185,
            6.037804449062394,
            18.550078040312208,
            10.421722116750221,
            11.660694461008903,
            11.01870004675897,
            5.719190005343357,
            -1.511047722424116,
            -3.349154636282069,
            -7.085851705998027,
            20.616531775961853,
            -2.660226189179924,
            5.524018328735051,
            1.8841137979108782,
            2.97610383909499
          ],
          [
            -0.15477367084588892,
            0.5614498807238538,
            -0.43653615284900826,
            -7.356038309516715,
            -5.804977775497832,
            -6.7768785198441135,
            -5.777988461813698,
            -7.389542171284984,
            -6.623872545460311,
            -9.131630354259961,
            0.20013886806653683,
            6.617662312628828,
            3.723506601808295,
            5.044317178391976,
            6.705192542255079,
            7.819486933224655,
            7.6285332321195565,
            8.454218256293192,
            10.336949106425415,
            13.818217365104763,
            7.666527504907798,
            8.204071272447834,
            7.955847791734357,
            5.900143253234502
          ],
          [
            0.07608065720438742,
            -0.28789972816735093,
            0.528986011571163,
            -0.7566810090270133,
            -8.06243450272837,
            -12.698240794128717,
            -10.735539603298102,
            -10.238438257294197,
            -18.86135502046866,
            -7.934000124228468,
            -3.461024753832465,
            -6.999482496780568,
            -17.884983509616724,
            -15.833533366854615,
            -12.128170085846888,
            -13.220614707567494,
            -15.376216911060782,
            -24.815000961502616,
            -21.114122792426123,
            -19.108054379601295,
            -34.8310213513025,
            -29.422946276684357,
            -34.91906248937715,
            -32.823709076309115
          ],
          [
            0.015377703730155977,
            -0.0740500736424043,
            0.16072524501257426,
            0.6320762015895879,
            0.5092457964950466,
            0.5641273256625698,
            -0.29474718609392747,
            -0.3784103908916876,
            -0.06339474332177039,
            -0.8645758191352291,
            -0.752019872147383,
            -0.34139389075584625,
            1.54200482250719,
            0.8990795902175879,
            0.13221955093646315,
            -0.37722162819443666,
            -0.49806293892987047,
            -0.170626288407784,
            -0.7531843651720237,
            -0.11786611096895772,
            0.6595935202832576,
            0.041927659006951896,
            0.4002785426732497,
            0.21442953312850163
          ],
          [
            0.025219010170479648,
            -0.10254176336285646,
            0.7185493088689959,
            0.9760617848176347,
            0.937017091801559,
            0.7413896897339535,
            0.8297132015385693,
            0.7287701564395977,
            0.8970295415120264,
            2.0907961037233127,
            4.127253562650846,
            2.464191846361968,
            2.5781637260217263,
            2.4255644110555945,
            1.8704449166341675,
            1.1883420398957851,
            0.44752728292891686,
            1.0801515002174211,
            -0.012234209639698226,
            0.34446177368248937,
            -1.4851445778892416,
            -3.0083648402141936,
            -3.687114214755059,
            -3.7639651093246873
          ],
          [
            0.0005451328821700485,
            -0.00195698374277965,
            0.0032354168727703543,
            -0.003729983130084782,
            0.0073756386086280285,
            -0.013242767838622646,
            0.025954626801503587,
            -0.07123412420497593,
            0.08986971487023782,
            -0.29835440094907456,
            0.9724648343026188,
            0.4995437495026141,
            -0.3092389183256295,
            -0.6754634394681446,
            -0.6724723503609776,
            -0.7169508979676802,
            -0.5890219864426303,
            -0.8382835578857931,
            -0.39736186725849115,
            -1.4072243893825966,
            -1.1558968482461114,
            -3.85910130629008,
            -6.410670415641076,
            -6.85028875849588
          ],
          [
            -1,
            -1,
            -1,
            -1,
            1,
            -1,
            -1,
            1,
            1,
            1,
            1,
            -1,
            -1,
            -1,
            -1,
            -1,
            1,
            1,
            -1,
            -1,
            -1
          ]
        ],
        "overall_mean_error": 0.1144227534532547
      },
      "visualization_path": "visual_fig_v2/episode_1.jpg"
    }
  }
}