{
  "metadata": {
    "tolerance": 0.01,
    "degree_arm": 3,
    "degree_gripper": 0,
    "dataset": "HuggingFaceVLA/libero",
    "version": "v2_forced_knots_prior"
  },
  "episodes": {
    "1": {
      "episode_index": 1,
      "task_name": "put the white mug on the plate and put the chocolate pudding to the right of the plate",
      "trajectory_length": 284,
      "status": "optimal",
      "bspline": {
        "degree_arm": 3,
        "degree_gripper": 0,
        "knots_vector": [
          0,
          0,
          0,
          0,
          11,
          21,
          33,
          45,
          54,
          64,
          72,
          79,
          91,
          103,
          113,
          123,
          125,
          128,
          146,
          152,
          162,
          173,
          188,
          200,
          215,
          230,
          234,
          247,
          257,
          262,
          271,
          283,
          283,
          283,
          283
        ],
        "control_points": [
          [
            0.13669776442177606,
            -0.4386505175507919,
            0.6032466154586092,
            2.543204775885535,
            1.5518245707419074,
            -4.831298034351104,
            -3.8933510027626257,
            -7.072731065755723,
            -10.640204294229338,
            -9.62104323681709,
            -8.586492703544087,
            2.2828578811662106,
            8.74241690653939,
            13.47159886416302,
            14.42689906146471,
            14.440225173831324,
            10.166461455100457,
            12.277783830083047,
            8.328662314686202,
            -2.756918039433631,
            -2.316369326574815,
            -7.145811381552676,
            2.2482268344936984,
            10.283644706428078,
            9.876982427832717,
            4.793420486565598,
            3.043582293611341,
            1.6855678261166385,
            3.9409504686900516,
            3.022897974141662,
            2.64384840459409
          ],
          [
            0.002864119209509,
            -0.08178113332146847,
            0.744869715074924,
            -7.328094088198981,
            -5.986572445255431,
            -6.547145748739101,
            -6.147893706471562,
            -6.738341533168531,
            -7.524259214021156,
            -6.891614555944042,
            -8.107371583710757,
            -3.128248812239688,
            2.3270713662316895,
            4.241093084809795,
            4.586244185220937,
            4.599129913204447,
            4.396213655690155,
            4.831808555853656,
            8.425148535315387,
            6.95601577478432,
            9.524709610696522,
            8.43121323209309,
            12.951482484461916,
            11.550034622754165,
            10.932991424886394,
            11.384917018993763,
            8.244550587394409,
            7.480285436261086,
            9.011633871229797,
            7.54707347681347,
            6.0582820809901055
          ],
          [
            0.001056518505865682,
            0.008229845445555542,
            -0.06681526576604015,
            0.3093716958346566,
            -8.04425799306789,
            -12.562549523943796,
            -11.072078904676944,
            -9.90705424132789,
            -15.288109542213583,
            -15.439103579215319,
            -8.402096424057534,
            -3.9441489093308317,
            -5.648190968417898,
            -5.794681886125678,
            -8.914169574222745,
            -12.241804150454252,
            -18.112012052269485,
            -15.14588844272347,
            -11.019651280429823,
            -17.197089897174383,
            -22.57910404992811,
            -24.424441000230907,
            -19.232176143236707,
            -20.38154359090066,
            -24.626551216546826,
            -30.772004261820527,
            -30.470571075229422,
            -30.948640374589512,
            -32.32664815578942,
            -32.889429964771125,
            -33.420402221208185
          ],
          [
            0.004081403011334939,
            -0.023101434175662707,
            0.03900350536756639,
            0.6505430702326116,
            0.5071665953817553,
            0.5545272992720055,
            -0.24504509692948298,
            -0.3456966148485614,
            -0.24649815776525102,
            -0.24076202697044813,
            -0.8351956628691717,
            -0.8456894000522875,
            -0.4910788199909852,
            -0.48586690586856224,
            -0.031174961763790157,
            0.7701848015330767,
            1.3708064083928513,
            0.9002847103601596,
            -0.523347376894533,
            -0.3324363442478476,
            -0.4154534325754427,
            -0.3507342936601104,
            -0.5787462230169511,
            -0.5710603697805094,
            0.4066183247510548,
            0.32349748743486784,
            0.3410952011105264,
            0.30588656486895843,
            0.24083640372122456,
            0.2603784632157221,
            0.25697946225803814
          ],
          [
            0.022445546148323045,
            -0.08121565610128825,
            0.5124815417365719,
            1.0368503554694795,
            0.9007671029001026,
            0.7841266067338237,
            0.7626836659353574,
            0.8435789901713757,
            0.6693586121949626,
            1.3672633509484577,
            2.1091648443740607,
            3.651659447497484,
            3.4906267668690574,
            3.118305124125833,
            2.816080831866761,
            2.5361063408476667,
            2.548597528501401,
            2.4399793087770782,
            1.2844301423038307,
            0.5167931691567333,
            0.896357108356562,
            0.4798253409767747,
            0.0318617709927295,
            -0.032558610414434405,
            -0.14647389239529154,
            -0.6112366744042543,
            -1.7285742306235101,
            -1.9636482757798572,
            -3.164683297681579,
            -3.5688074180288027,
            -3.79171118895531
          ],
          [
            -0.0002116391415769592,
            0.0007417632450306999,
            -0.0012519412973429674,
            0.001649952521133862,
            -0.0028547276081936942,
            0.00462459374449294,
            -0.007109937112968882,
            -0.007517230935200294,
            -0.05166351609073835,
            0.05793188576181447,
            -0.21671149739568885,
            0.6244144458249151,
            0.7596861581108408,
            0.6528603587400539,
            0.42325873218490523,
            0.03036817199303892,
            -0.269563747698447,
            -0.7423357539523763,
            -0.6493396867538619,
            -0.7086256730637208,
            -0.6498225570173551,
            -0.7311548786410655,
            -0.5763167331908204,
            -0.9888866601314243,
            -1.4082397545987204,
            -0.9930489973186523,
            -1.8762476633000786,
            -2.0638199919896083,
            -4.176140766819738,
            -6.083491330102178,
            -6.923538340333171
          ],
          [
            -1,
            -1,
            -1,
            -1,
            1,
            -1,
            -1,
            1,
            1,
            1,
            1,
            1,
            1,
            1,
            1,
            -1,
            -1,
            -1,
            -1,
            1,
            1,
            1,
            1,
            -1,
            -1,
            -1,
            -1,
            -1
          ]
        ],
        "overall_mean_error": 0.03444579243659973
      },
      "visualization_path": "visual_fig_v2/episode_1.jpg"
    },
    "0": {
      "episode_index": 0,
      "task_name": "put the white mug on the left plate and put the yellow and white mug on the right plate",
      "trajectory_length": 214,