{
  "metadata": {
    "tolerance": 0.01,
    "degree_arm": 3,
    "degree_gripper": 0,
    "dataset": "HuggingFaceVLA/libero",
    "version": "v2_forced_knots_prior"
  },
  "episodes": {
    "1": {
      "episode_index": 1,
      "task_name": "put the white mug on the plate and put the chocolate pudding to the right of the plate",
      "trajectory_length": 284,
      "status": "optimal",
      "bspline": {
        "degree_arm": 3,
        "degree_gripper": 0,
        "internal_knots": [
          9,
          10,
          11,
          12,
          18,
          19,
          20,
          21,
          22,
          45,
          54,
          72,
          123,
          146,
          156,
          157,
          158,
          188,
          234,
          245
        ],
        "control_points": [
          [
            -0.0165038041309606,
            0.08243666541794141,
            -0.051286711747842946,
            0.27103177604347956,
            0.5735382274966523,
            1.0480143449511168,
            2.085598126813364,
            1.896584211405203,
            2.5182265073648447,
            1.096751753684755,
            4.968277045354541,
            -6.070635343261684,
            -2.2844345225748492,
            -22.658981778454407,
            19.852133132061862,
            11.60260404659831,
            11.027531256933978,
            10.175808614368727,
            5.849934011883139,
            -18.98165076374283,
            13.915874784564009,
            2.73865299927281,
            1.210079337684167,
            3.686844371470516
          ],
          [
            0.002608370795753055,
            -0.05066645858025309,
            0.2075835971808401,
            -0.5425054578380458,
            -0.7634007056128072,
            -1.9014206273654384,
            -3.321091650795931,
            -4.864977536638509,
            -4.755278486663987,
            -6.3378343765550005,
            -5.60616900775219,
            -7.750894324990448,
            -4.554454881944322,
            -13.408423502867207,
            5.374441181108992,
            5.00396883648625,
            4.326190736267711,
            6.673144794468873,
            8.152746032729386,
            7.414565145223971,
            13.76636969117928,
            8.510237561671124,
            8.008749976417985,
            6.904474611984966
          ],
          [
            0.00032694685162243,
            -0.002090618383390047,
            0.003574172131200795,
            -0.0030675940200333225,
            0.012151605366543881,
            -0.03999009853495588,
            0.11749633917081369,
            -0.28479379002614047,
            -0.5877444875299306,
            -0.8044691140966888,
            -4.303451243586992,
            -13.982535604671265,
            -9.478928427362424,
            -20.25806875348815,
            7.955111501494942,
            -21.803947773265826,
            -13.98163050883783,
            -13.348993340412678,
            -11.308307142538156,
            -32.46671976786827,
            -13.940433111990666,
            -35.98771435353548,
            -28.374519108631887,
            -34.37674057848601
          ],
          [
            0.0021407126423013925,
            -0.007016812077817106,
            -0.017136962413498727,
            0.11845508988514492,
            0.11779508774726691,
            0.20320002528432826,
            0.35626293820562327,
            0.47801037818361275,
            0.4886095691981694,
            0.5511977648676171,
            0.5031761202585946,
            0.7420063103886707,
            -0.38448081833789644,
            -0.06556753063877566,
            -1.7879926580321892,
            1.759914933437035,
            0.8206527247181332,
            0.2180524877723499,
            -0.630396998704562,
            -0.10124149706951298,
            -0.8249504614197356,
            0.9892254573081011,
            -0.18966324368325532,
            0.38055866471417327
          ],
          [
            0.001443843160439981,
            0.0025593342583607333,
            0.1264203130552376,
            0.38419548893963545,
            0.45275665037268553,
            0.6269940584461579,
            0.8031560626257734,
            0.9029616506842499,
            0.9065627762623935,
            0.9540284435604444,
            0.8822385770446163,
            0.9444595918490366,
            0.5956242367536579,
            0.941300507458085,
            5.107013609342689,
            1.554030206786012,
            2.9090700737776944,
            1.868208743733446,
            0.675888408247437,
            0.7923079441163214,
            0.045639154455844065,
            -0.8169884831181048,
            -3.2220515457778203,
            -3.762947317019648
          ],
          [
            2.4503826685428126e-05,
            -0.00015666813060960112,
            0.0002678017214591675,
            -0.00022977365630681143,
            0.0009050129219441943,
            -0.0028707150630317194,
            0.004948108236584658,
            -0.005339691062242321,
            0.021180219074481105,
            -0.03942460983694299,
            0.10871572362095477,
            -0.15178365880384545,
            0.17668108975073635,
            -0.6292433616083566,
            1.5371521677256346,
            -0.4624408465721575,
            -0.6587803956157746,
            -0.6422449679916078,
            -0.8152152159789406,
            -0.3990704939726258,
            -0.9538792188166848,
            -1.3481510133890493,
            -2.5495368448693716,
            -7.297196926726911
          ],
          [
            -1,
            -1,
            -1,
            -1,
            -1,
            -1,
            -1,
            -1,
            -1,
            -1,
            1,
            -1,
            1,
            1,
            -1,
            -1,
            -1,
            -1,
            1,
            -1,
            -1
          ]
        ],
        "overall_mean_error": 0.22483396530151367
      },
      "visualization_path": "visual_fig_v2/episode_1.jpg"
    }
  }
}